ООО "Вектор Плюс",г Москва аллея Петровско-Разумовская д.16,14.05.1998,Иванов 
ЗАО "Альфа-Строй",г Москва аллея Петровско-Разумовская д.18,22.11.2005,Смирнов 
ООО "ТехноИнвест",г Москва пер Авиационный д.4,03.02.1991,Кузнецов 
ИП "Сириус",г Москва пер Балтийский 1-й д.4,18.09.2010,Попов 
ООО "Глобал Логистик",г Москва пер Эльдорадовский д.3,27.12.2020,Васильев 
ПАО "РосТорг",г Москва пр-кт Ленинградский д.44,05.06.1995,Петров 
ООО "Инновация",г Москва пр-кт Ленинградский д.48 кор.2,11.10.2018,Соколов 
АО "СпецМонтаж",г Москва ул 8 Марта д.11,30.01.1993,Михайлов 
ООО "АйТи Решения",г Москва ул Академика Ильюшина д.1 кор.1,15.08.2022,Новиков 
ЗАО "ФармСтандарт",г Москва ул Планетная д.11,08.04.1999,Федоров 
ООО "ЭкоПром",г Москва ул Асеева д.2,21.07.2003,Морозов
ИП "Медикал Групп",г Москва ул Балтийская д.4,14.12.2015,Волков
ООО "АгроКомплекс",г Москва ул Коккинаки д.1,02.09.1990,Алексеев 
ЗАО "АвтоТранс",г Москва ул Константина Симонова д.4,19.03.2008,Лебедев
ООО "СтройПроект",г Москва ул Красноармейская д.12,25.11.2023,Семенов 
ПАО "МеталлСервис",г Москва ул Красноармейская д.24,07.05.1996,Егоров 
ООО "Риэлт Консалт",г Москва ул Лизы Чайкиной д.6,12.02.2012,Павлов 
АО "ЭнергоСбыт",г Москва ул Масловка Верхн. д.11,28.08.1994,Козлов 
ООО "Фуд Маркет",г Москва ул Планетная д.15,09.10.2019,Степанов 
ЗАО "Бизнес Плюс",г Москва ул Планетная д.29,16.01.2001,Николаев 
ООО "СофтДевелопмент",г Москва ул Самеда Вургуна д.1,04.06.2021,Орлов 
ИП "МастерДом",г Москва ул Степана Супруна д.12 кор.1,23.04.1992,Андреев 
ООО "Климат Контроль",г Москва ул Усиевича д.16,10.11.2016,Макаров 
АО "ОптТорг",г Москва ул Часовая д.10,29.03.1997,Никитин 
ООО "ТехГарант",г Москва ул Черняховского д.11 кор.1,17.07.2007,Захаров 
ПАО "ИнвестКапитал",г Москва аллея Петровско-Разумовская д.16,01.12.2011,Зайцев 
ООО "Сфера",г Москва аллея Петровско-Разумовская д.18,13.05.2024,Соловьев 
ЗАО "Премиум",г Москва пер Авиационный д.4,26.08.1998,Борисов 
ООО "Омега",г Москва пер Балтийский 1-й д.4,08.02.2004,Яковлев 
ИП "Эталон",г Москва пер Эльдорадовский д.3,20.09.2017,Григорьев 
ООО "Авангард",г Москва пр-кт Ленинградский д.44,15.11.1991,Романов 
АО "Лидер",г Москва пр-кт Ленинградский д.48 кор.2,03.04.2009,Воробьев 
ООО "Прогресс",г Москва ул 8 Марта д.11,19.10.2020,Сергеев 
ЗАО "Горизонт",г Москва ул Академика Ильюшина д.1 кор.1,27.06.1995,Кузьмин 
ООО "Олимп",г Москва ул Планетная д.11,06.12.2014,Фролов 
ПАО "Импульс",г Москва ул Асеева д.2,11.03.1993,Александров 
ООО "Синтез",г Москва ул Балтийская д.4,24.07.2022,Комаров 
ИП "Формат",г Москва ул Коккинаки д.1,05.09.2002,Мясников 
ООО "Кристалл",г Москва ул Константина Симонова д.4,18.01.2018,Пешков 
АО "Монолит",г Москва ул Красноармейская д.12,31.05.1999,Иванов 
ООО "Ресурс",г Москва ул Красноармейская д.24,12.11.2006,Смирнов 
ЗАО "Атлант",г Москва ул Лизы Чайкиной д.6,22.02.1990,Кузнецов 
ООО "Орион",г Москва ул Масловка Верхн. д.11,09.08.2015,Попов 
ПАО "Гермес",г Москва ул Планетная д.15,16.04.2023,Васильев 
ООО "Феникс",г Москва ул Планетная д.29,28.10.1996,Петров 
ИП "Аврора",г Москва ул Самеда Вургуна д.1,07.03.2010,Соколов 
ООО "Меркурий",г Москва ул Степана Супруна д.12 кор.1,14.06.2001,Михайлов 
АО "Велес",г Москва ул Усиевича д.16,21.12.2019,Новиков 
ООО "Зенит",г Москва ул Часовая д.10,02.05.1994,Федоров 
ЗАО "Капитал",г Москва ул Черняховского д.11 кор.1,19.09.2008,Морозов 
ООО "Альянс",г Москва аллея Петровско-Разумовская д.16,10.01.2021,Волков 
ПАО "Стандарт",г Москва аллея Петровско-Разумовская д.18,25.07.1992,Алексеев 
ООО "Партнер",г Москва пер Авиационный д.4,06.11.2013,Лебедев 
ИП "Успех",г Москва пер Балтийский 1-й д.4,17.03.2005,Семенов 
ООО "Гарант",г Москва пер Эльдорадовский д.3,29.08.2024,Егоров 
АО "Эксперт",г Москва пр-кт Ленинградский д.44,12.04.1997,Павлов 
ООО "Надежда",г Москва пр-кт Ленинградский д.48 кор.2,05.10.2016,Козлов 
ЗАО "Виктория",г Москва ул 8 Марта д.11,20.02.1991,Степанов 
ООО "Триумф",г Москва ул Академика Ильюшина д.1 кор.1,08.06.2011,Николаев 
ПАО "Максимум",г Москва ул Планетная д.11,14.12.2000,Орлов 
ООО "Престиж",г Москва ул Асеева д.2,27.05.2022,Андреев 
ИП "Элит",г Москва ул Балтийская д.4,03.09.1995,Макаров 
ООО "Актив",г Москва ул Коккинаки д.1,11.01.2009,Никитин 
АО "Базис",г Москва ул Константина Симонова д.4,26.04.2018,Захаров 
ООО "Динамика",г Москва ул Красноармейская д.12,09.11.1993,Зайцев 
ЗАО "Ритм",г Москва ул Красноармейская д.24,18.07.2007,Соловьев 
ООО "Баланс",г Москва ул Лизы Чайкиной д.6,23.03.2020,Борисов 
ПАО "Профиль",г Москва ул Масловка Верхн. д.11,04.10.1998,Яковлев 
ООО "Концепт",г Москва ул Планетная д.15,15.02.2014,Григорьев 
ИП "Форвард",г Москва ул Планетная д.29,30.08.1990,Романов 
ООО "Новатор",г Москва ул Самеда Вургуна д.1,12.06.2004,Воробьев 
АО "Пионер",г Москва ул Степана Супруна д.12 кор.1,21.01.2023,Сергеев 
ООО "Магнат",г Москва ул Усиевича д.16,07.09.1996,Кузьмин 
ЗАО "Титан",г Москва ул Часовая д.10,19.05.2010,Фролов 
ООО "Легион",г Москва ул Черняховского д.11 кор.1,28.11.2002,Александров 
ПАО "Спарта",г Москва аллея Петровско-Разумовская д.16,06.04.2017,Комаров 
ООО "Квартал",г Москва аллея Петровско-Разумовская д.18,14.08.1991,Мясников 
ИП "Модуль",г Москва пер Авиационный д.4,25.12.2006,Пешков 
ООО "Контакт",г Москва пер Балтийский 1-й д.4,10.03.2021,Иванов 
АО "Диалог",г Москва пер Эльдорадовский д.3,17.10.1994,Смирнов 
ООО "Ракурс",г Москва пр-кт Ленинградский д.44,02.07.2015,Кузнецов 
ЗАО "Фокус",г Москва пр-кт Ленинградский д.48 кор.2,29.01.1999,Попов 
ООО "Инсайт",г Москва ул 8 Марта д.11,11.05.2008,Васильев 
ПАО "Аспект",г Москва ул Академика Ильюшина д.1 кор.1,24.09.2024,Петров 
ООО "Символ",г Москва ул Планетная д.11,08.02.1993,Соколов 
ИП "Эталон Плюс",г Москва ул Асеева д.2,16.06.2012,Михайлов 
ООО "Мастер",г Москва ул Балтийская д.4,20.11.2003,Новиков 
АО "Профи",г Москва ул Коккинаки д.1,01.04.1997,Федоров 
ООО "Эксперт Строй",г Москва ул Константина Симонова д.4,13.12.2019,Морозов 
ЗАО "ГлавСнаб",г Москва ул Красноармейская д.12,27.08.2001,Волков 
ООО "ИнтерТорг",г Москва ул Красноармейская д.24,05.03.2016,Алексеев 
ПАО "РусИнвест",г Москва ул Лизы Чайкиной д.6,22.10.1990,Лебедев 
ООО "Метрополь",г Москва ул Масловка Верхн. д.11,18.01.2007,Семенов 
ИП "Сити",г Москва ул Планетная д.15,09.07.2022,Егоров 
ООО "Мегаполис",г Москва ул Планетная д.29,31.05.1995,Павлов 
АО "Столица",г Москва ул Самеда Вургуна д.1,14.11.2010,Козлов 
ООО "Регион",г Москва ул Степана Супруна д.12 кор.1,26.02.1992,Степанов 
ЗАО "Федерация",г Москва ул Усиевича д.16,04.09.2005,Николаев 
ООО "Евразия",г Москва ул Часовая д.10,12.04.2018,Орлов 
ПАО "Континент",г Москва ул Черняховского д.11 кор.1,23.08.1998,Андреев